{"$type":"List`1","$values":[{"$id":"1","$type":"ProjectOptionEntry","key":"NetworkCollapsed","context":"{2232342-1760}","value":false},{"$id":"2","$type":"ProjectOptionEntry","key":"RestoreNetworkStates","context":"{2232321-1757}","value":true},{"$id":"3","$type":"ProjectOptionEntry","key":"NetworkCollapsed","context":"{2232342-1763}","value":false},{"$id":"4","$type":"ProjectOptionEntry","key":"NetworkCollapsed","context":"{2232342-1769}","value":false},{"$id":"5","$type":"ProjectOptionEntry","key":"NetworkCollapsed","context":"{2232342-1773}","value":false},{"$id":"6","$type":"ProjectOptionEntry","key":"NetworkCollapsed","context":"{2232342-1777}","value":false},{"$id":"7","$type":"ProjectOptionEntry","key":"NetworkCollapsed","context":"{2232342-1782}","value":false},{"$id":"8","$type":"ProjectOptionEntry","key":"NetworkCollapsed","context":"{2232342-1787}","value":false},{"$id":"9","$type":"ProjectOptionEntry","key":"NetworkCollapsed","context":"{2232342-1791}","value":false},{"$id":"10","$type":"ProjectOptionEntry","key":"NetworkCollapsed","context":"{2232342-1794}","value":false},{"$id":"11","$type":"ProjectOptionEntry","key":"NetworkCollapsed","context":"{2232342-1796}","value":false},{"$id":"12","$type":"ProjectOptionEntry","key":"NetworkCollapsed","context":"{2232342-1725}","value":false},{"$id":"13","$type":"ProjectOptionEntry","key":"RestoreNetworkStates","context":"{2232321-1714}","value":true},{"$id":"14","$type":"ProjectOptionEntry","key":"NetworkCollapsed","context":"{2232342-1801}","value":false},{"$id":"15","$type":"ProjectOptionEntry","key":"NetworkCollapsed","context":"{2232342-1805}","value":false},{"$id":"16","$type":"ProjectOptionEntry","key":"NetworkCollapsed","context":"{2232342-1807}","value":false},{"$id":"17","$type":"ProjectOptionEntry","key":"NetworkCollapsed","context":"{2232342-1809}","value":false},{"$id":"18","$type":"ProjectOptionEntry","key":"NetworkCollapsed","context":"{2232342-1811}","value":false},{"$id":"19","$type":"ProjectOptionEntry","key":"NetworkCollapsed","context":"{2232342-1813}","value":false},{"$id":"20","$type":"ProjectOptionEntry","key":"NetworkCollapsed","context":"{2232342-1815}","value":false},{"$id":"21","$type":"ProjectOptionEntry","key":"NetworkCollapsed","context":"{2232342-1817}","value":false},{"$id":"22","$type":"ProjectOptionEntry","key":"LastSelection@Siemens.Simatic.PlcLanguages.PLFrame.BasicLanguageEditor","context":"{2232321-1757}","value":{"$id":"23","$type":"SessionState","NetworkStates":{"$id":"24","$type":"Dictionary`2","8":5},"FocusedComponent":3,"ComponentUndoState":0}}]}